CREATE TABLE Estudios(IdEst INTEGER PRIMARY KEY, Nome VARCHAR(70), Pais_de_Origem VARCHAR(50), Ano_de_Fundacao INTEGER);
CREATE TABLE Animacoes(IdAnim INTEGER PRIMARY KEY, IdEst INTEGER REFERENCES Estudios (IdEst), Nome VARCHAR(70), Formato VARCHAR(40), Ano_Lançamento INTEGER); 
CREATE TABLE Dubladores(IdDub INTEGER PRIMARY KEY, Nome VARCHAR(70), Ano_de_comeco INTEGER, estado VARCHAR(2)) ;
CREATE TABLE Relacao_Animacoes_Dubladores(IdRAD INTEGER PRIMARY KEY, IdAnim INTEGER REFERENCES Animacoes (IdAnim), IdDub INTEGER REFERENCES Dubladores (IdDub));

INSERT INTO Estudios VALUES (55, 'DreamWorks', 'EUA', 1994),
(57, 'Disney', 'EUA', 1983),
(59, 'Toei Animation', 'Japão', 1948),
(61, 'Pierrot', 'Japão', 1979),
(63, 'Nickelodeon Animation Studio', 'EUA', 1998),
(65, 'Cartoon Network Studios', 'EUA', 1994),
(67, 'Illumination Entertainment', 'EUA', 2007),
(69, 'Studio Ghibli', 'Japão', 1985),
(71, 'Tatsunoko', 'Japão', 1962),
(73, 'Sony Pictures Animation', 'EUA', 2002); 

INSERT INTO Animacoes VALUES (131, 55, 'Kung Fu Panda', 'Filme', 2008),
(133, 55, 'Como treinar o seu dragão', 'Filme', 2010),
(135, 65, 'Apenas um Show', 'Série', 2010),
(137, 63, 'As Tartarugas Ninja', 'Série', 2012),
(139, 57, 'Frozen', 'Filme', 2013),
(141, 57, 'Zootopia', 'Filme', 2016),
(143, 69, 'O Serviço de Entregas da Kiki', 'Filme', 1990),
(145, 69, 'Princesa Mononoke', 'Filme', 1997),
(147, 73, 'Hotel Transilvânia', 'Filme', 2012),
(149, 73, 'O Bicho Vai Pegar', 'Filme', 2006),
(151, 55, 'Shrek', 'Filme', 2001),
(153, 57, 'Dinossauro', 'Filme', 2000),
(155, 65, 'Steven Universo', 'Série', 2013),
(157, 67, 'Meu Malvado Favorito 2', 'Filme', 2013),
(159, 67, 'Pets: A Vida Secreta dos Bichos', 'Filme', 2016),
(161, 61, 'Tokyo Ghoul', 'Série', 2014),
(163, 63, 'Padrinhos Mágicos', 'Série', 2001),
(165, 69, 'As Memórias de Marnie', 'Filme', 2014),
(167, 69, 'Porco Rosso: O Último Herói Romântico', 'Filme', 1992),
(169, 71, 'Neon Genesis Evangelion', 'Série', 1995),
(171, 55, 'Madagascar', 'Filme', 2005),
(173, 55, 'A Origem dos Guardiões', 'Filme', 2012),
(175, 73, 'Homem-Aranha no Aranhaverso', 'Filme', 2018),
(177, 73, 'Homem-Aranha: Através do Aranhaverso', 'Filme', 2023),
(179, 57, 'Frozen 2', 'Filme', 2019),
(181, 57, 'Valente', 'Filme', 2012),
(183, 57, 'Bao', 'Curta', 2018),
(185, 65, 'O Incrível Mundo de Gumball', 'Série', 2011),
(187, 65, 'As Meninas Superpoderosas', 'Série', 1998),
(189, 65, 'Firebreather', 'Filme', 2010),
(191, 59, 'Dragon Ball Z', 'Série', 1989), 
(193, 69, 'O Castelo Animado', 'Filme', 2004),
(195, 73, 'Piratas Pirados!', 'Filme', 2012),
(197, 63, 'Invasor Zim', 'Série', 2001),
(199, 63, 'Backyardigans', 'Série', 2004),
(201, 61, 'Black Clover', 'Série', 2017),
(203, 57, 'Ratatouille', 'Filme', 2007),
(205, 57, 'Elementos', 'Filme', 2023),
(207, 55, 'Os caras malvados', 'Filme', 2022),
(209, 55, 'Gato de Botas', 'Filme', 2011),
(211, 55, 'Croods', 'Filme', 2013),
(213, 65, 'Clarêncio o Otimista', 'Série', 2014),
(215, 65, 'As Terríveis Aventuras de Billy e Mandy', 'Série', 2001),
(217, 73, 'A Família Mitchell e a Revolta das Máquinas', 'Filme', 2021),
(219, 63, 'Avatar: A Lenda de Aang', 'Série', 2005),
(221, 63, 'Avatar: A Lenda de Korra', 'Série', 2012), 
(223, 61, 'Naruto', 'Série', 2002),
(225, 61, 'Naruto Shippuden', 'Série', 2007),
(227, 57, 'Red: Crescer é uma Fera', 'Filme', 2022),
(229, 55,' O caminho para El Dorado', 'Filme', 2000),
(231, 55,' Por água baixo', 'Filme', 2006),
(233, 65, 'Ben 10: Secret of the Omnitrix', 'Filme', 2007),
(235, 57, 'Encanto', 'Filme', 2021),
(237, 57, 'Detona Ralph', 'Filme', 2012),
(239, 57, 'Mulan', 'Filme', 1998),
(241, 69, 'Meu Amigo Totoro', 'Filme', 1988),
(243, 69, 'Da Colina Kokuriko', 'Filme', 2011),
(245, 69, 'PomPoko - A Grande Batalha dos Guaxinins', 'Filme', 1994),
(247, 63, 'Os Pinguins de Madagascar', 'Série', 2008),
(249, 65, 'Chowder', 'Série', 2007),
(251, 59, 'One Piece', 'Série', 1999 ),
(253, 59, 'Cavaleiros do Zodíaco', 'Série', 1986),
(255, 61, 'Yu Yu Hakusho', 'Série', 1992),
(257, 73, 'Tá Dando Onda', 'Filme', 2007), 
(259, 73, 'Tá Chovendo Hambúrguer', 'Filme', 2009),
(261, 73, 'Tá Chovendo Hambúrguer 2', 'Filme', 2013),
(263, 67, 'Sing - Quem Canta Seus Males Espanta', 'Filme', 2016),
(265, 67, 'O Lorax: Em Busca da Trúfula Perdida', 'Filme', 2012),
(267, 67, 'Meu Malvado Favorito 3', 'Filme', 2017),
(269, 71, 'Beyblade Metal Fight', 'Série', 2010),
(271, 65, 'Apenas um Show: o Filme', 'Filme', 2015),
(273, 63, 'Jimmy Neutron: O Menino Gênio', 'Série', 2002),
(275, 63, 'Jimmy Neutron: O Menino Gênio', 'Filme', 2001), 
(277, 57, 'Operação Big Hero', 'Filme', 2014),
(279, 57, 'A pequena sereia', 'Filme', 1989),
(281, 65, 'Mutante Rex', 'Série', 2010),
(283, 65, 'O Laboratório de Dexter', 'Série', 1995),
(285, 59, 'Digimon', 'Série', 1999),
(287, 67, 'Super Mario Bros. O Filme', 'Filme', 2023),
(289, 73, 'Operação Presente', 'Filme', 2011),
(291, 69, 'A Viagem de Chihiro', 'Filme', 2001), 
(293, 69, 'O Castelo no Céu', 'Filme', 1986),
(295, 63, 'Fanboy & Chumchum', 'Série', 2009),
(297, 61, 'Bleach', 'Série', 2004),
(299, 65, 'Hora de Aventura', 'Série', 2010),
(301, 65, 'Titã Simbiônico', 'Série', 2010),
(303, 65, 'Meu Amigo da Escola É Um Macaco', 'Série', 2005),
(305, 67, 'Meu Malvado Favorito', 'Filme', 2010),
(307, 67, 'Minions', 'Filme', 2015),
(309, 57, 'Aladdin', 'Filme', 1992),
(311, 57, 'Moana', 'Filme', 2016),
(313, 57, 'Dois Irmãos: Uma Jornada Fantástica', 'Filme', 2020),
(315, 69, 'Memórias de Ontem', 'Filme', 1991),
(317, 63, 'Kung Fu Panda: Lendas do Dragão Guerreiro', 'Série', 2011),
(319, 65, 'Ben 10', 'Série', 2005),
(321, 65, 'Sábados Secretos', 'Série', 2008),
(323, 73, 'Angry Birds - O Filme', 'Filme', 2016),
(325, 73, 'Angry Birds 2: O Filme', 'Filme', 2019);

INSERT INTO Dubladores VALUES (1, 'Guilherme Briggs', 1991, 'RJ'),
(2, 'Felipe Drummond', 1998, 'RJ'),
(3, 'Luisa Palomanes', 1997, 'RJ'),
(4, 'Francisco Júnior', 2008, 'CE'),
(5, 'Wendel Bezerra', 1979, 'SP'),
(6, 'Fernanda Baronne', 1987, 'RJ'),
(7, 'Reginaldo Primo', 1997, 'RJ'),
(8, 'Alexandre Moreno', 1990, 'RJ'),
(9, 'Felipe Grinnan', 1995, 'RJ'),
(10, 'Gustavo Pereira', 2001, 'RJ');


INSERT INTO Relacao_Animacoes_Dubladores VALUES (600, 323, 1),
(601, 325, 1),
(602, 301, 2),
(603, 281, 2),
(604, 133, 3),
(605, 155 , 3), 
(606, 187, 1),
(607, 163, 1),
(608, 321, 1),
(609, 179 , 2), 
(610, 273, 3),
(611, 275, 3),
(612, 211, 3),
(613, 259, 1),
(614, 269 , 2),
(615, 291, 2),
(616, 187 , 3), 
(617, 219, 3),
(618, 261, 1),
(619, 305, 1);

SELECT * 
FROM Animacoes;